cell_type,B cell,B cell memory,B cell naive,B cell plasma,Cancer associated fibroblast,Class-switched memory B cell,Common lymphoid progenitor,Common myeloid progenitor,Endothelial cell,Eosinophil,Granulocyte-monocyte progenitor,Hematopoietic stem cell,immune score,Macrophage,Macrophage M1,Macrophage M2,Mast cell,microenvironment score,Monocyte,Myeloid dendritic cell,Myeloid dendritic cell activated,Neutrophil,NK cell,Plasmacytoid dendritic cell,stroma score,T cell CD4+ (non-regulatory),T cell CD4+ central memory,T cell CD4+ effector memory,T cell CD4+ memory,T cell CD4+ naive,T cell CD4+ Th1,T cell CD4+ Th2,T cell CD8+,T cell CD8+ central memory,T cell CD8+ effector memory,T cell CD8+ naive,T cell gamma delta,T cell NK,T cell regulatory (Tregs)
TCGA-04-1348,0.100972591,0.000217754,0.00052049,0.017245196,0.022988155,0.041204499,0.02172667,0,0.011203327,0,0,0,0.202442571,0.09663366,0.063089361,0.005670681,0.003862222,0.220505131,0.048781377,0.027595905,0.252361597,0,0,0.09373175,0.01806256,9.22E-19,0,0.024810442,0.00783813,0.004458848,0.06527356,0.133039538,0.025818101,0.07431969,0.029928937,0.0004599,0.023702077,0.019503919,0.023201322
TCGA-04-1517,0.034935964,0,0,0.025054572,5.87E-19,0.022973582,0.010367961,0.003335233,0,5.74E-20,0.002819281,0.013934761,0.06452272,0.017934026,0.005668155,6.33E-20,0.031044868,0.065750788,0.005827192,0.005782192,0.043520301,0,4.13E-18,0.01329771,0.001228067,1.51E-18,0.010098761,0.018034054,7.65E-20,1.61E-18,0.009275034,0.011677773,0.00125984,0,0,7.60E-21,3.99E-19,0.067646483,5.29E-19
TCGA-04-1542,0.028059689,0,0,0.019983129,0.02827229,0.028779748,0.010386437,0,0.019404522,3.14E-19,1.04E-18,0.031584189,0.033288091,0.008635748,0,0.002070497,0.010944928,0.057366904,3.34E-18,6.61E-20,0.008239886,0,8.58E-18,0.006544327,0.024078813,0,0.01331888,0,7.36E-20,0,0.019803885,0,0.002291771,5.56E-19,0,0.000756164,1.87E-18,0.074090664,3.73E-19
TCGA-09-2051,0.050307479,5.91E-18,4.11E-19,0.027376814,0.009040664,0.041724511,0.012192983,0,0,9.59E-20,5.71E-18,0.002740336,0.094878232,0.061513508,0.061923113,0.000553686,0.009747597,0.099789804,0.010000083,0.01074868,0.190639387,5.14E-19,1.53E-17,0.075290456,0.004911572,3.17E-19,0,0.018397228,0,0,0.057838774,0.13284462,2.83E-18,0.01881807,0,4.38E-20,7.70E-19,0.042478455,0.001764091
TCGA-13-0727,0.042954956,0.006388266,0,0.02579735,0.014669979,0.010213577,0.001801116,0.004606618,0.000252761,1.01E-18,3.51E-18,0.068942254,0.086131104,0.032603974,0.023842638,0.002551652,0.021008949,0.094655259,0.030187696,0.00244108,0.090700635,0,0,0.02402317,0.008524155,0,0.019521204,0.030419575,0,1.18E-18,0.030539002,0.024212338,1.71E-18,0,8.38E-19,0,0,0.070242469,4.30E-19
TCGA-13-0768,0.102632283,0.017948375,0.007683433,0.037244645,0.093040021,0.044101893,0.005678194,0,0.055377319,1.38E-19,0.055662366,0.153010642,0.323484526,0.094760239,0.083814016,0.022166802,0.016270515,0.443226823,0.091488035,0.037613117,0.345246927,3.19E-19,0.02276315,0.250817401,0.119742298,1.80E-19,1.51E-18,0.089059759,0.013788022,0.041851061,0.032722666,0.117132526,0.119699448,0.145389082,0.143735322,0.004531335,0,0.068695436,0.042584255
TCGA-13-0795,0.11207778,0.013748063,0,0.061135125,0.020610434,0.014314644,0.024307346,1.34E-18,0.01429221,0,2.25E-18,0.062039339,0.223854877,0.105834111,0.068408482,0.018461479,0.018987913,0.242537987,0.074062841,0.007823544,0.179928955,3.12E-19,0,0.078263458,0.01868311,1.30E-18,3.12E-19,0.018638644,0.001481913,0.006397096,0.014403072,0.103113053,0.016996127,0.057300942,0.020421523,0.001213517,5.59E-19,0.042581293,1.33E-19
TCGA-13-0804,0.083114564,0.012042955,1.03E-18,0.018329538,0.022156966,0.020857972,0.015332814,1.62E-18,0.017891498,0,0.003513189,0.020107509,0.194561796,0.08690493,0.043924784,0.018367175,0.010478853,0.214586028,0.084249354,0.027094994,0.11030576,3.93E-18,1.88E-19,0.096365885,0.020024232,0,1.49E-18,0,2.66E-20,5.60E-22,0.056212721,0.11394386,0,0.034749348,0.01759566,0,0,0.088464863,0
TCGA-13-0916,0.084007398,2.00E-18,0,0.032152514,0.040283982,0.075293028,0.006187152,0.003677977,0.032964267,1.05E-18,7.98E-19,0.002703113,0.104376176,0.029819796,0.021169078,0.011942982,0.011502929,0.141000301,0.010764381,0.001819053,0.160582558,0,0,0.074063039,0.036624125,1.44E-18,3.22E-18,0.034855207,0,0.009455662,0.032972676,0.139313228,0.018650708,0.050877395,0.040978348,0.001774046,0,0.088484568,0.014820192
TCGA-13-1506,0.0712897,0.00064787,0.00861735,0.025618554,0.019547134,0.008238066,0.028202556,1.27E-18,3.99E-19,3.71E-18,0,0.005908978,0.079734394,0.027669799,0.017402116,0.000915219,0.003607849,0.089507961,0.009510537,0.00640699,0.052061572,0.001116717,7.17E-18,0.040844461,0.009773567,1.83E-18,5.37E-19,1.73E-18,0.000872815,1.06E-18,0.02624212,0.13813397,1.10E-19,0.000536352,0,0.003177551,0,0.044336979,5.96E-20
TCGA-20-1684,0.021543656,0,0,0.000751084,0.076616242,0.004437356,0.010842689,0,0,0,7.11E-20,0.008826489,0.029530437,0.012272118,0.002574219,0.008689041,0.005671799,0.068316606,1.23E-18,0.003149166,0.035054793,1.86E-19,1.81E-18,0.00463724,0.038786169,0,0,8.54E-20,0.00712137,1.62E-18,0,0.145429809,0.001658916,0,4.84E-19,0.000906207,0,0.007591143,0
TCGA-23-1030,0.043964488,0.004327282,2.94E-18,0.037563737,0.042509406,0.005200191,0.010807462,0,0.01904387,0,2.39E-19,0.032924158,0.101173223,0.039564334,0.02801122,1.39E-18,0.005345023,0.131949861,0.024508764,0.027955205,0.133961955,4.73E-19,0,0.054537278,0.030776638,0,0.020716665,0.025909167,4.51E-21,2.41E-20,0.017771404,0.05559909,0.01042202,0.020822679,0.00040504,0.002664027,0,0.035670893,0.018248065
TCGA-23-1116,0.02265772,0,0.003215833,0.006868624,0.132109435,0.011692132,0.016497113,0,0.034274134,0,0,0.053858275,0.292609371,0.092896194,0.08336981,0,0.007789555,0.379648699,0.169926825,0.076101219,0.237672464,0.069542544,4.93E-18,0.148527208,0.087039328,4.14E-18,0,0.015710607,0,1.52E-19,0.007099942,0.149825101,0,0.006245775,0.013499734,0,0,0.029948256,8.82E-05
TCGA-23-1122,0.035355931,0,7.95E-19,0.018836977,0.001321503,0.007080026,0.003202617,0,0.009138055,3.02E-19,0,0.035001581,0.072764818,0.031489224,0.027101872,0.00053233,0.012491369,0.086189417,0.010855686,0.018955016,0.137431488,2.08E-19,6.56E-18,0.041017752,0.013424599,0,6.73E-20,0.00295131,0,0.002066497,0.017805758,0.058046612,0,2.55E-19,0,0,1.06E-18,0.104867154,0
TCGA-24-0982,0.075461468,0.000813144,2.27E-19,0.051078095,0.091978399,0.01968551,0.011021901,5.88E-19,0.015464894,6.91E-19,6.65E-19,0.042055893,0.082334786,0.011696181,0.009647325,0,0.018097221,0.136056433,0,0.004361437,0.111159266,6.99E-19,5.84E-19,0.017364982,0.053721647,3.51E-19,0.009240273,0.018535427,0,0,0.028361028,0.061336566,0.013885872,0.007982119,3.98E-20,0.008058397,0,0.032511209,0
TCGA-24-1424,0.037082782,0,0.00126438,0.01260226,0.030549924,1.95E-18,0.002459436,0,0.030148787,0,0.025850064,0.025934681,0.080032937,0.033145287,0.036806984,0,0.00482747,0.110382293,0.033802451,0.011191417,0.099140044,2.55E-21,1.21E-18,0.028903517,0.030349355,0,0,0.024600046,1.10E-19,0,0.001705123,0.116472409,3.30E-21,0.003515768,0,0.000163651,0,0.037386148,0
TCGA-24-1426,0.080521799,0.02221651,0,0.048442135,0.045003258,0,0.014470101,3.87E-19,0.00478155,0,0.021284779,0.019914116,0.110878491,0.036332922,0.024399933,0.008773252,0.013550549,0.135770895,0.031905935,0.002626354,0.060713075,0.001380178,6.84E-18,0.004406645,0.024892404,2.63E-18,0.024498715,0.011280321,0,4.01E-19,0.011448915,0.009742328,0,0,3.90E-18,0,3.48E-18,0.099281705,0.004032216
TCGA-24-1548,0.071560018,1.36E-18,0,0.036309115,0.032773665,0.018853487,0.002486111,0,0,7.05E-19,0,0.006321834,0.084182146,0.035440078,0.029944859,0.003939477,0.014053784,0.107966677,0.003638703,0.001580635,0.115015101,1.44E-21,5.17E-18,0.025374183,0.023784532,0,1.28E-18,9.40E-19,0,0,6.29E-18,0.176986124,0,0.000313343,4.61E-18,2.03E-19,0,0.021932713,3.30E-19
TCGA-24-1549,0.060025721,4.55E-18,2.11E-18,0.005601695,0.033042433,0.048641585,0.004982836,1.63E-19,8.53E-21,1.50E-19,0.000184631,0.016829411,0.108043334,0.032987532,0.033610062,0.000426454,0.007115561,0.12456455,0.003677113,0.018046162,0.131967671,8.16E-19,0.031485934,0.057898137,0.016521216,8.08E-19,9.82E-19,0.058891919,0.004343664,0,0,0.246052824,0.008726978,0.057394084,0.018141706,0,0,0.013140869,0.011219591
TCGA-24-1552,0.01444618,0,0,0.003202072,0.004607603,0.008108346,0.01644339,0,0.006805553,0,2.73E-18,0.006502866,0.05239544,0.052373476,0.022736406,0.012673274,0.010116501,0.060051422,0.001657003,0,0.042787349,3.10E-19,3.30E-18,0.006093327,0.007655983,0,1.19E-20,8.57E-22,2.81E-21,8.26E-21,4.28E-19,0.136898646,0,0,2.33E-18,1.94E-19,0,0.020594519,1.52E-18
TCGA-24-1843,0.112010732,0.005311522,0,0.047098093,0.047602866,0.011769982,0.033742538,0,0.005857564,0,0,0.012722051,0.237866996,0.113976616,0.074303222,0.007285399,0.010748946,0.265544271,0.059431717,0.027271784,0.16395113,9.87E-19,0,0.07077527,0.027677275,3.27E-18,1.54E-18,0.007197876,0.003493971,8.69E-20,0,0.266114122,0.033360699,0.074796544,0,0.004904784,0,0,2.48E-18
TCGA-24-2020,3.50E-19,7.17E-19,9.71E-19,0.008285603,0,2.34E-18,0.012143142,0,0.011820232,0,0.000485922,0.166521617,0.009476451,0.009626435,0.012704957,0,0.00446819,0.015386568,1.81E-19,6.47E-21,0.013492948,0.000120052,6.50E-18,0.017939392,0.005910116,0,0,0,3.31E-19,7.68E-19,0.003115944,0.038945319,0,1.39E-18,0,1.21E-18,0,0.040362731,0
TCGA-24-2023,0.028803323,0,0,0.008711123,0.055143332,0.023869116,0.017918279,0.002807214,9.60E-19,3.00E-18,0,0,0.099772084,0.054925656,0.041390969,1.51E-19,0.020991959,0.12734375,0.020818649,0.022661736,0.139863473,0,1.09E-18,0.090010569,0.027571666,2.80E-18,4.36E-18,0.011320971,0.001211741,0,0.015558637,0.162737366,0.001456804,0.04099485,0,0.002472365,0,0.074146862,0
TCGA-24-2267,0.209083299,0.021015338,2.61E-18,0.083121275,0.039402784,0.099186212,2.25E-20,0,0.031672934,1.81E-19,0.011763646,0.01914869,0.337386982,0.104869713,0.090824711,0.001935042,0.025203412,0.372924841,0.089580709,0.033931978,0.284138362,6.24E-19,0,0.115902588,0.035537859,0,0.010569657,0.092910679,0.003257296,0.016083479,0.030098719,0.030330563,0.043411363,0.080953489,0.049391357,0,0.009428763,0.045601935,0.038576923
TCGA-25-1323,0.01323143,8.47E-20,2.55E-19,0.02363849,0.065849623,0,0.002624143,4.45E-20,0.016137273,0,0,0.050387142,0.03565663,0.02436801,0.026568657,0.003651783,0.00932737,0.077598582,0.006558135,0,0.055295353,0,1.91E-17,0.015455286,0.041941951,0,0.00576878,0,0,1.85E-18,0.012039041,0.027707685,0,0,0,0,8.74E-19,0.021231908,3.96E-19
TCGA-25-1635,0.013385427,0,0,0,0.051175671,0.002745375,0.007612515,0,0,0.00216995,0.023566121,0.085259015,0.11297977,0.069571417,0.051319802,0.011505888,0.004204413,0.156584293,0.049660577,0.005113415,0.180900596,7.91E-19,4.95E-19,0.072143444,0.043604523,0,0,0.06991737,0.001857213,0.002343252,1.02E-18,0.10619571,0.025364455,0.04513162,0.014697432,0.002239863,4.28E-19,0.037239777,0.016292116
TCGA-25-1877,0.037250873,0,1.13E-18,0.028971403,0,0.000618275,0.033805839,1.14E-18,0.003960512,0,6.37E-19,0.05505578,0.069504767,0.048509778,0.046282487,0,0,0.071485023,0.008100711,0.010395789,0.128002327,0,1.90E-17,0.111652379,0.001980256,0,6.58E-18,0,0.006641413,0,0.004703445,0.203224262,0,0.010399588,0,0.041377511,6.98E-19,0.025953946,0
TCGA-25-2404,0.029989039,0,8.20E-19,0.019950896,0.057874908,0.002089384,0.015274611,0.000697265,0.016959939,0,0,0.041975823,0.087886799,0.048434182,0.038191351,0,0.010103477,0.1290673,0.038682189,0.00245444,0.120020553,1.58E-19,3.14E-18,0.066997121,0.0411805,1.54E-18,0,0.017071466,0,0,0.001950149,0.10730418,0.002166873,0.017003311,0.002371631,6.51E-05,1.58E-18,0.030566196,0
TCGA-29-1691,0.009850742,0,6.57E-18,0,0,0.045321052,0.014921457,8.28E-19,0.000201223,1.47E-20,0.015098205,0.106500899,0.050658753,0.037059399,0.022927429,0.006044102,0.001282274,0.05159193,0.017774751,0.00859334,0.101838376,0.001427624,0,0.022608022,0.000933177,0,6.40E-18,0,2.79E-22,1.12E-18,0,0.185788684,0,0.00801575,0,0.001255244,1.53E-17,0.100625936,0
TCGA-29-1698,0.012958293,1.54E-18,0,0.002872468,0.064215344,0.004801245,0.002469877,4.24E-19,0.035276589,0,0,0.081156124,0.046077087,0.027962329,0.029915411,0.000877724,0.000686426,0.113865259,0.015174619,0.012333963,0.182764737,0,0,0.07599516,0.067788172,0,0,0.019262301,1.09E-19,8.32E-19,0.000994558,0.081742967,0,0,0,0,0,0.099804736,0.014273223
TCGA-29-1703,0.067067319,0,4.42E-18,0.010643231,0.056389118,0.047453687,0.012899626,2.05E-19,0,7.87E-19,0.000330582,0.043238088,0.077893277,0.027836474,0.018689892,0.002207737,0.009913661,0.107762324,0.005106551,0.006915912,0.094535046,1.46E-19,3.01E-18,0.0500896,0.029869046,3.05E-18,0.005798711,0,0.000115047,0,0.013058702,0.054852919,0,0.004102795,0,0.008683399,2.49E-19,0.101741365,0.003617825
TCGA-29-1763,0.056241475,0,1.72E-18,0.034215512,0.051443155,0.019430136,0.003681475,0.000941248,0.024039495,0.002236372,0,0.046097711,0.119785275,0.035956603,0.04137348,1.90E-18,0.017139281,0.157785891,0.040153289,0.020234976,0.084329678,0,3.42E-18,0.036948991,0.038000616,2.08E-18,0.003900271,2.86E-18,0,0,0.027310853,0.047322503,0.007715916,0.014923724,0,0.000457667,4.51E-18,0.015290517,0
TCGA-36-1576,0.079422844,0.004654975,0,0.045460416,0.071234386,0.011346638,0.00444135,0,0.028776896,5.87E-19,0.004039182,0.05948581,0.240225856,0.08162724,0.07244689,0,0.011703689,0.312068926,0.087495321,0.073270124,0.250531316,0,2.80E-18,0.130242393,0.07184307,2.46E-18,0,0.038620998,0.014431016,0.019541341,0,0.179614116,0.026819566,0.079576465,0.012850259,1.57E-20,0,0.016535551,0
TCGA-36-1581,0.16457856,0.020270957,0.000412073,0.074442131,0.063235305,0.067541767,0.006745534,0,0.002733157,0.001126244,2.51E-05,0.007422603,0.262875303,0.071872603,0.057034259,3.85E-19,0.011462076,0.298313605,0.063804331,0.040686345,0.342497121,1.03E-18,2.22E-19,0.144482035,0.035438302,0,3.53E-20,0.105721078,0.018564188,4.05E-20,0.003536477,0.203637916,0.040782795,0.080336209,0.050854517,0.001752553,0.01364167,0.088151942,0.048309344
TCGA-61-1741,0.136394304,0.015083316,0.012015606,0.036145671,0.017100555,0.010900676,0.000264683,0,0.004551487,0,0,0.063807255,0.138973098,0.02864746,0.032001066,0.002190951,0.019841717,0.149799119,0.001591058,0.017998092,0.183150342,0,0,0.035008583,0.010826021,0,0.018962951,0.016132746,2.94E-20,7.62E-20,0.022242764,0.068758143,0.003987016,0.015907184,0,3.83E-05,6.04E-18,0.067125757,0.018295995
TCGA-61-1919,0.05858505,0.001466018,0,0.025166778,0.056765934,0.022853506,0.013132787,1.13E-18,0.016365125,2.48E-18,0.019871307,0.053440741,0.255544029,0.115033588,0.091687409,0,0.008102587,0.293804224,0.119901777,0.075793608,0.265529021,0.00170462,0,0.136672876,0.038260196,6.94E-19,3.77E-19,0.017062654,0.010227702,0,0,0.165979405,0.004194813,0.032597419,0.007587644,0.000343353,6.23E-18,0.061709174,0.006101512
TCGA-61-2104,0.092336669,2.29E-18,7.15E-18,0.042458696,0.04134121,0.065287991,0,7.97E-20,0.009767505,4.57E-20,4.44E-18,0.044411992,0.17014319,0.057662177,0.054669088,1.09E-18,0.02300926,0.195697548,0.038117588,0.035327637,0.225256896,0,0,0.052379482,0.025554357,1.98E-19,0.011631761,0.059368746,8.30E-19,0.014743643,0.016514677,0.004510564,0.008761455,0.036159473,0.000577219,6.03E-20,1.89E-19,0.05824543,0.010242495
TCGA-13-1481,0.068342959,0.006235406,0,0.051278531,0.113332389,0.016931709,0.029743323,1.42E-20,0.009434494,8.33E-19,0.00561455,0.075138199,0.085637142,0.020120455,0.018445646,0,0.00855355,0.178325203,0.010268382,0.013083132,0.163928874,9.71E-20,0,0.067847882,0.09268806,2.75E-18,1.55E-18,0.019513332,7.08E-21,0,0.001984561,0.073036269,0.008087235,0.024970496,0,0.004633204,0,0.061628298,0.003190144
TCGA-23-2078,0.166420438,0.038241008,0.023324706,0.035236458,0.094489993,0.049527696,0.006136388,0.000616586,0.022784785,8.72E-20,6.99E-20,0.010755446,0.214034674,0.028410547,0.032097847,0.001339117,0.009040182,0.308793838,0.044765335,0.025414158,0.26298515,2.52E-19,0,0.103918888,0.094759163,0.002817273,0.004708111,0.028997865,0.012273514,0.06706433,0.010838145,0.103735523,0.044184078,0.064212624,0.035172841,0.000815605,0.002610162,0.044573965,0
TCGA-23-1119,0.089539704,0.006134054,0.001923497,0.044929545,0.016608494,0.018783673,0.030925504,8.69E-20,0.020226151,0,1.15E-19,0.069363387,0.160161501,0.081807482,0.066028082,0.00154359,0.014814308,0.179333701,0.02966886,0.024411897,0.193384521,0,4.74E-18,0.05399816,0.0191722,0,2.76E-18,0.006285323,0.006190431,1.25E-19,2.96E-18,0.145363386,0,0.042142002,0,0.002723371,0,0.039913729,2.08E-18
TCGA-13-0885,0.119046999,0.007947417,0.000171802,0.017826613,0.003903649,0.055912804,0.009010155,2.98E-19,0.001935788,4.90E-19,0.029309422,0.067022908,0.292508117,0.091150744,0.078838392,0.009053888,0.034831236,0.304933193,0.05342646,0.074919715,0.326129898,0,0.017977248,0.19098098,0.012425076,0.001000425,2.64E-20,0.0422597,0.03200808,0.029207571,0.040694682,0.127335249,0.046409349,0.100163244,0.065838321,0,0.018485724,0.096905388,0.030977176
TCGA-13-0906,0.016179127,0,0,0.026644967,0.027387138,0.007162125,0.018480337,0,0,2.94E-19,0.000715415,0.024321131,0.039064988,0.030988503,0.0210447,2.58E-20,0.003388911,0.053741411,3.61E-20,0.008040942,0.120148378,7.08E-21,0,0.043122219,0.014676422,0,2.65E-18,0,0.004006141,0,6.56E-18,0.209742919,0,0.017337813,0,0.009092563,0,0.019355582,1.25E-18
TCGA-13-1492,0.018519533,0,1.08E-19,0.002888742,0.005043657,0.004620228,0.003399074,4.25E-19,0,0.000370475,0,0.000339175,0.04399945,0.014284436,0.015473793,0.002934815,0.001680159,0.047056954,1.35E-19,0.001042172,0.039923053,0.000759959,7.62E-18,0.020594327,0.003057504,0,2.10E-18,0,0,4.15E-18,0.013332568,0.151991753,0.029342441,0.025943649,3.96E-19,0.008924015,1.22E-17,0.043801046,1.22E-19
TCGA-13-0890,0.105530621,0.011622472,0,0.036069116,0.091185075,0.02343743,0.005322521,0.002713599,0.032874914,0,2.97E-18,0.060609266,0.168590969,0.064620842,0.057474019,0.021036355,0.002852014,0.280289946,0.042096854,0.037786122,0.189478611,0,2.93E-18,0.112766274,0.111698978,1.03E-17,0,0.005712524,0,1.20E-18,0.035012974,0.133303439,0,0.012502278,0,7.42E-20,0,0.058236697,2.10E-20
TCGA-13-0886,0.076955067,0.006170136,1.64E-18,0.029685941,0.105118894,0.020802824,0.013853274,6.87E-20,0.038232526,2.68E-18,0.005298702,0.1276653,0.176049866,0.093418824,0.071201269,0.007806273,0.012385458,0.301767724,0.041979088,0.039336363,0.298850528,0,2.88E-18,0.143228074,0.125717857,0,0,0.018658891,9.83E-20,0.003433748,0.010278584,0.093495899,0,0.047632797,0.012190826,0,0.00213157,0.095499429,0.011549866
TCGA-59-2348,0.048564667,1.23E-19,0,0.063740614,0,0.011870368,0.017179337,0,0.023025168,5.20E-21,0.01294115,0.032268948,0.102386073,0.04264433,0.033028477,0.000902756,0.021629552,0.120039862,0.037695639,0.000490296,0.117205159,0.00209616,0,0.044047942,0.017653789,1.26E-18,0,0.04349115,0.000281954,0,1.04E-18,0.158599716,0.000458466,0.010455913,0,9.93E-22,1.04E-17,0.053316189,0
TCGA-04-1331,0.009378647,1.10E-19,0,0.008047919,0.046352991,0.001739983,0.011083526,2.07E-19,0.008726538,0,0,0.065468143,0.017221976,0.003559078,0.00602815,2.25E-19,0.008617399,0.05840077,0,0.004277841,0.117058691,3.22E-19,0,0.023692669,0.041178793,3.28E-18,0.008985631,0.015218288,0,2.10E-18,0.014247387,0.037283637,0,4.27E-19,8.14E-19,0,4.82E-20,0.051668334,1.16E-19
TCGA-04-1341,0.070058508,0.011639881,0,0.049604994,0.002777747,0.020587604,0.012325877,1.36E-18,0.004029302,1.26E-18,3.31E-18,0.019753687,0.060031807,0.017572073,0.011339795,0.013521923,0.00241713,0.070109796,0,4.22E-21,0.082305458,0,1.01E-18,0.060413379,0.010077989,0,1.69E-17,6.67E-18,9.16E-19,5.11E-18,0.032542869,0.103193599,4.00E-18,6.36E-19,0,0.004800047,8.26E-18,0.082587459,2.90E-18
TCGA-04-1365,0.061206045,1.87E-19,0,0.01757538,6.25E-19,0.031011331,0.009575166,6.27E-19,0.004468127,4.27E-18,3.80E-18,0.034009672,0.154580602,0.061804115,0.044909575,0.001524855,0.00017849,0.157515711,0.060607582,0.040320943,0.251328418,1.71E-19,1.83E-18,0.111524194,0.002935109,1.97E-18,0,0.019080291,0.012056854,0.010995416,0.061695944,0.181271048,0.007753727,0.076650324,0.014076489,0,0.002458219,0.047750786,0.00407002
TCGA-04-1514,0.025155608,1.81E-18,1.09E-18,0.002283429,0.021564253,0.026844334,0.006522433,3.00E-05,0.011616074,6.05E-21,3.01E-18,0.055962664,0.022291528,3.10E-19,1.03E-18,0,0.003297027,0.038881691,7.38E-18,0,5.92E-18,0,5.98E-19,0,0.016590163,0,0.009190795,0,0,0.000289016,0.008878822,0.031145689,0.004984657,0,4.77E-18,0,8.66E-19,0.092259182,0.005029029
TCGA-04-1530,0.053158412,0,5.62E-19,0.011418603,0.025068497,0.028370054,0.011914555,0,3.98E-21,0,0.001801354,0.034635567,0.131791623,0.064668161,0.042121163,0.011455064,0.00234766,0.145403525,0.032969989,0.044543213,0.289004436,1.95E-19,2.03E-19,0.115933583,0.013611903,0,0.008797781,0.015125995,0,0,0.021649909,0.081166259,0,0.004368478,0,0.000111101,3.36E-18,0.096512937,0.013062089
TCGA-09-0364,0.021179234,0.000249036,0,0.00404856,0.043412779,0.00384012,0.004603065,0.005521159,0.009731054,1.03E-18,1.35E-18,0.006819807,0.021014795,4.21E-19,1.82E-19,1.78E-19,0.009949812,0.047586712,5.50E-18,0,1.20E-18,0,3.59E-18,0.004014841,0.026571917,2.99E-20,5.61E-20,0,1.13E-19,2.44E-18,0.013815614,0.111520296,0.000393147,0,0,0.002808518,0,0.018431161,6.32E-19
TCGA-09-0369,0,1.91E-18,1.57E-18,0.005718904,0.051856791,0,0.00491972,0,0.079753413,5.75E-19,0,0.089728844,0.033517226,0.020518539,0.021461525,0.015105324,0,0.10311314,0.019945023,0.009812276,0.065950922,2.01E-19,2.09E-19,0.033211035,0.069595914,0,0.014238592,7.40E-20,5.34E-20,0,0.043569851,0.052917967,8.39E-20,2.55E-18,0,4.64E-20,1.75E-18,0.053390577,4.73E-18
TCGA-09-1666,0.052488542,5.28E-18,5.22E-20,0.03477342,0,0.011977613,0.023458763,8.39E-21,5.78E-20,1.27E-18,0.003526499,0.043130224,0.162187298,0.065254687,0.045706732,0.001591153,0.017963517,0.162187298,0.036267669,0.040014692,0.185237686,0.000257188,0.010956911,0.067537427,2.89E-20,3.35E-19,3.63E-19,0.042566135,0.011679985,0.013304752,0.02204141,0.076922909,0.020077741,0.064166472,0.020512899,0,0,0.030266151,0.001812691
TCGA-09-1669,0.133830246,0.015980059,1.32E-19,0.047895416,0.071600055,0.028193869,0.013393452,1.69E-20,0.017353825,0,0,0.059970796,0.177837189,0.042464124,0.041634569,4.00E-19,0.007075088,0.222314129,0.017906097,0.033640973,0.200864558,3.90E-19,0,0.048917375,0.04447694,0,0.000260808,0.034452901,0.00836219,7.39E-20,0.008341232,0.107339281,0.031839256,0.069062107,0.002284725,0.010708243,2.31E-18,0.013291452,0.016278984
TCGA-09-1670,0.059044518,1.11E-18,2.66E-18,0.017785949,0,0.01798518,0.018173321,9.70E-20,0.000742723,0.00120551,0.01525352,0.017181114,0.14348208,0.061449405,0.04484746,1.26E-19,0.029895999,0.143853442,0.051825114,0.005797978,0.109322915,0.001766483,4.34E-18,0.042750621,0.000371361,0,0.003107204,0.043827584,0.006457265,5.97E-19,0.011119112,0.018656007,0.004238114,0.015134532,2.25E-18,0.00335697,0.011678003,0.014617414,0.002128888
TCGA-09-1674,0.048708465,0,7.54E-19,0.005987266,0.001357355,0.031530007,0.002318381,0,0.012048839,0,0,0.007168356,0.035185014,4.24E-19,0,0.001473256,0.004069055,0.041888111,1.54E-17,0,1.48E-18,0,1.50E-19,4.54E-21,0.006703097,0,0,1.26E-17,0,2.42E-18,0.014223955,0.098862902,1.23E-18,0,0,3.40E-20,0,0.008187184,0
TCGA-10-0926,0.075226238,0.007100202,0.006899204,0.029661693,0.062756732,0.003737255,0.015235824,0,0.026595015,0,1.14E-17,0.05010681,0.079395421,0.025718622,0.01776777,0,0.000675834,0.125623404,0.011828759,0.004659088,0.0733747,0.000984589,0,0.047911276,0.046227983,3.35E-19,3.77E-19,8.52E-18,7.26E-20,2.26E-19,0.020298099,0.065782108,6.16E-19,2.55E-20,1.59E-18,0.003954297,0,0.072531944,0
TCGA-10-0927,0.036217501,7.59E-19,0,0.047229648,0.13578429,0,0.017861666,0.003515645,0.004447527,0,0,0.132534644,0.031412172,0.004750893,0.00367111,4.98E-05,0.006149863,0.102270878,0,0,0.054053759,2.68E-19,0,0.021316337,0.070858706,0,0,0,2.49E-18,1.11E-18,0.051008563,0.038190977,7.49E-20,0.006001275,0,0.005544202,0,0.077658047,0
TCGA-10-0931,0.043919743,4.24E-19,2.41E-18,0.018132336,0.016762011,0.014203127,0.029301956,0,4.31E-19,0,0,0.016361287,0.072773863,0.041622486,0.029425237,0.009242654,0.007095289,0.081217774,0.016523277,0,0.096262372,0,4.00E-18,0.057463356,0.008443911,7.01E-19,2.06E-18,3.71E-18,3.86E-19,1.30E-18,0.032487146,0.157475694,1.11E-18,0.011023113,0,0.000635272,0,0.052074833,6.90E-18
TCGA-10-0933,0.005485809,0,0,0.007909348,0.05375916,0.000637291,0.021523355,1.38E-19,0.005051286,0,3.84E-19,0.064652653,0.017204705,0.00492202,0.007257994,5.04E-19,0.004018675,0.047231812,1.69E-18,1.27E-19,0.029973141,3.56E-19,6.97E-19,0.025610031,0.030027107,3.95E-18,3.39E-18,2.42E-18,0,0,0.008226998,0.124415248,0.011380555,0.014939041,5.25E-19,0.004803018,1.14E-18,0.06594828,0
TCGA-10-0937,0.055789212,0,4.42E-19,0.017449081,0.040986489,0.019618057,0.020793936,4.38E-18,2.22E-19,3.53E-18,0,0.02412841,0.11016242,0.06908257,0.058336786,6.35E-19,0.005152978,0.132653024,0.020546747,0.014672123,0.166069524,0,5.22E-18,0.104198179,0.022490603,0,0,0.024462108,2.75E-21,0,0.054358948,0.102564436,0,0.045222085,2.49E-18,0,0,0.067784793,8.60E-20
TCGA-13-0720,0.01230697,0,0,0.020147935,0.015698798,0.009886204,0.008313831,2.41E-19,0,0,0.002953815,0,0.024193409,0.015885764,0.00700573,1.63E-19,0.007384875,0.033713569,5.36E-18,0.000712503,0.032657594,0,6.58E-18,0.032952074,0.00952016,1.63E-18,0.015460092,0.021277068,0,0.000502947,0.013813496,0.007105197,0,3.97E-19,0,1.34E-19,2.70E-18,0.065720741,0
TCGA-13-0725,0.062912018,0.001577727,0,0.023090392,0.033466723,0.017227441,0.011128956,0.001601241,0.017975191,0.001675192,0.031504349,0.118131804,0.131469893,0.076853486,0.056238745,0.019912791,0.011598842,0.172364754,0.039570528,0.004594775,0.159335952,0,0,0.08218153,0.040894861,8.38E-18,5.59E-18,0.024762511,2.88E-20,8.13E-19,0.033736617,0.135035349,0,0.02585208,1.10E-18,0,0,0.086901831,0
TCGA-13-0726,0.006087811,0,4.25E-18,0.021800639,0.048377272,0.009319662,0.01688216,0,1.16E-19,3.47E-19,0,0.048705112,0.060581178,0.039407828,0.02340044,0.005626655,0.011480163,0.087346358,0.009713515,0.002515297,0.104216343,9.88E-19,0.021667153,0.061067592,0.02676518,2.84E-19,2.13E-18,0.025754607,1.12E-19,0.004613372,0.027501039,0.029526719,1.84E-20,0.020870141,0.003264531,0.000432975,0,0.028232312,0.001912142
TCGA-13-0762,0.038627624,3.96E-20,2.18E-18,0.046285171,8.92E-18,0.022992205,0.008525391,0,0,0,5.22E-19,8.91E-20,0.052144305,0.021011838,0.009220019,0.012525538,0.008145026,0.052144305,0,0.010431969,0,1.47E-18,0,0.024273142,4.46E-18,0,0.021071228,0.0024063,4.69E-19,2.63E-18,0.055150934,0.005012131,1.25E-18,0,1.61E-18,0.009198795,0,0.068400096,0
TCGA-13-0766,0.062527045,0.001412485,0,0.0389404,0.045327266,5.02E-18,0.033090933,0,0,0,0.010532122,0.044265612,0.102166727,0.066265706,0.0421496,0.006742075,0.000482349,0.126438655,0.02397499,0,0.142037477,0,0,0.014614782,0.024271928,0,0,0,0.000482242,1.57E-19,0.010361217,0.190799359,0,0.008126011,1.55E-18,0.001388626,5.74E-18,0.069375988,1.53E-18
TCGA-13-0797,0.088132757,3.88E-18,8.75E-19,0.015539083,0.016145815,0.039274227,0.017059877,0.000387394,6.62E-20,3.27E-18,0,0.030932848,0.127661145,0.04226249,0.030983891,0.013977958,0.01388253,0.135964616,0.016303344,0.006246681,0.162125476,2.87E-20,0,0.068607769,0.008303471,1.69E-18,2.92E-19,0.044057755,0,0.000114629,0.029203027,0.100081866,0.024663915,0.043469537,0.013028942,0,3.12E-20,0.045448748,0.014378102
TCGA-13-0799,0.043472119,0,3.64E-18,0.023625537,0.01584447,0.009333272,0.036364283,0,0.000215042,3.24E-18,0,0.005274861,0.042026863,0.005189854,0.005753707,0.004694993,0.008143421,0.051775816,0,0.006234901,0.083755336,1.03E-18,4.09E-18,0.028669344,0.009748953,1.27E-18,0.022919368,0.0030139,0,0,0.044051412,0.112906254,0,0,7.73E-20,0.000775107,0,0.028458028,1.20E-18
TCGA-13-0800,0.018802068,0.001803083,3.27E-19,0.006495403,0.011008376,0.000406943,0.003756001,0,0,4.76E-19,8.88E-19,0.048169939,0.017445052,3.69E-18,1.19E-18,0.003631214,0.00736551,0.024103602,8.03E-18,6.00E-19,1.36E-17,5.15E-19,1.49E-17,8.51E-20,0.00665855,7.08E-19,0,8.85E-19,0,0,0.015688104,0.06860073,5.82E-19,4.31E-18,0,7.21E-20,0,0.095310888,4.18E-18
TCGA-13-0801,0.086960014,0.007734753,8.88E-19,0.03025459,0.020765417,0.033818173,0.027521403,0,0.013733141,0,0,0.038185652,0.339851131,0.150093043,0.113729406,0.001854417,0.015068557,0.357121477,0.147603289,0.110051793,0.255037408,1.84E-18,0,0.141683026,0.017270345,2.09E-17,0,0.098680168,4.55E-23,0,0.079255415,0.067270698,1.20E-18,0.060918178,0.002557784,0.000612333,0.000909401,0.103584768,7.55E-22
TCGA-13-0883,0.042973869,1.41E-19,6.46E-19,0.002077725,0.078411172,0.024955922,0.004879957,0.004333138,0.014393826,8.99E-19,2.17E-18,0.010781437,0.164473447,0.05464231,0.036965193,1.43E-18,0.013963474,0.214385261,0.061429317,0.063848411,0.112260998,4.12E-20,0,0.052447962,0.049911814,2.80E-18,0.009580249,0.03991738,0.001170439,0.000804441,0.005149865,0.022231616,0.009852789,0.017017281,3.66E-21,0.001951594,0,0.023634821,0.001135357
TCGA-13-0887,0.050489541,0,0,0.032446434,0.054196968,0.023309651,0.031158148,2.36E-19,0.004261503,7.20E-20,0.000648266,0.004559397,0.10208962,0.060192061,0.057948753,0.00881693,0.00981546,0.135604299,0.022702234,0.009935133,0.122739184,7.43E-20,7.26E-20,0.053885721,0.033514679,0,0,0.0197061,1.58E-20,3.12E-18,0.024858986,0.112905118,8.13E-20,0.012008888,0.001839927,0,1.37E-17,0.061615041,2.02E-18
TCGA-13-0897,0.012655786,0,0,0.001197151,0.04281738,0.028577977,0.029760048,1.12E-18,0.007495398,4.05E-18,0,0.016230254,0.083816859,0.071195937,0.058105551,0.005119872,0.002764739,0.109794307,0.00428101,0.034827816,0.163998856,3.11E-19,2.64E-19,0.072042761,0.025977448,0,0,0.01845875,4.00E-05,0.004435862,0.027740628,0.14486147,3.18E-19,0.039146899,0.010337958,7.29E-20,0,0.047718893,0.00981099
TCGA-13-0899,0.024126762,0,1.83E-18,0.018188975,0.007200853,0.03334293,0.014548445,0,0.017949688,0,6.94E-18,0.040218405,0.084655567,0.046032773,0.031323562,0.00887636,0.001408669,0.105216302,0.027430395,0.027956208,0.086642812,2.85E-05,1.04E-19,0.057494082,0.020560735,1.30E-19,1.42E-18,0,3.00E-19,1.17E-18,0.032545165,0.053927212,0,0,0,5.81E-05,4.19E-18,0.123670082,0
TCGA-13-0913,0.057340384,4.78E-20,2.13E-18,0.041469654,0.054522488,0.026801613,0.003188579,0,0.005854438,1.24E-18,1.94E-18,0.055223661,0.053909123,0.01398487,0.00585376,0.014746589,0.009538431,0.085043866,1.33E-17,3.86E-20,0.037773434,3.79E-19,0,0.000849325,0.031134743,3.05E-18,0,0.03482699,0,3.79E-18,0.028834964,0.015402563,0,7.65E-18,0,0,1.27E-17,0.07528387,0
TCGA-13-0919,0.042890598,0,0,0.030351387,0.082519029,0.021148287,0.001311431,0,0.022152234,1.37E-18,0,0.020823801,0.154293372,0.100459481,0.078016041,0.003178916,0.001831254,0.208610759,0.076027624,0.010231101,0.177253683,0,0,0.070485423,0.054317386,1.68E-19,6.18E-19,0.095851207,1.28E-20,0,1.65E-20,0.077750014,0,0.005329462,0,0,1.47E-18,0.057504723,0.006449998
TCGA-13-0920,0.059404174,4.51E-21,0,0.045984904,0.006708746,0.026602494,0.021286118,0,0,0,9.21E-19,0.015777014,0.056609777,0.018000439,0.007668694,0.003757977,0.003091894,0.061935933,8.09E-18,0.004418157,0.066618162,0,0,0.046326857,0.005326157,0,4.04E-18,0,0.000759568,0,0.008639596,0.158129786,1.98E-20,0.014659078,0,0.010669275,0,0.00700807,4.84E-21
TCGA-13-0923,0.054596447,0.002494407,0,0.049017376,0,0.00654828,0.008122024,0,0.010759707,0,7.54E-18,0.017385747,0.077371146,0.051537104,0.033317504,0.01602799,0.006183247,0.103228715,0,0.00373992,0.14070944,1.52E-18,0,0.052080957,0.02585757,1.64E-18,2.52E-19,0.024208205,0,0,0.09670699,0.048271043,8.99E-21,0.031722514,0.005361671,0.004673331,0,0.078812565,0
TCGA-13-1403,0.042140989,0,2.93E-18,0.03453741,0.050349182,0.009233099,0.011491539,0,0.014609215,1.50E-18,4.64E-19,0.001688852,0.050806325,0.018501876,0.011695261,0.00804123,0.009726172,0.084283606,0,0.000882579,0.036603969,1.11E-19,4.09E-18,0.015359018,0.033477281,4.29E-19,0.015312351,0.031822459,1.60E-19,3.64E-19,1.44E-19,0.055431964,0.004957871,4.10E-19,0,0,0,0.037568093,1.02E-19
TCGA-13-1404,0.035285565,1.66E-18,0,0.017859967,0.102840414,0.001544165,0.016158804,0,0.02083708,1.41E-18,0.015701564,0.092221188,0.092688224,0.045448533,0.032403702,0.002915645,0.009461817,0.164957582,0.025282804,0.023553617,0.187338093,1.93E-19,8.35E-19,0.069676018,0.072269358,0,0,0.010444774,2.70E-23,4.76E-22,0.019612515,0.073823648,5.86E-20,0.017578475,0,0.001793291,0.003291265,0.078909433,0.005969971
TCGA-13-1407,0.075631711,0.006207535,0.008818646,0.018758091,0.026983426,0,0.011939944,1.61E-18,0.000618765,7.94E-20,0,0.006284593,0.05841673,0.005197431,0,0.003405422,0.003875821,0.075448726,5.03E-19,7.43E-20,0.004670701,8.62E-20,0,0.014234055,0.017031996,0,0,0,0,2.87E-18,0.023298081,0.156661329,0.002920133,0,1.61E-18,0.016773138,2.96E-19,0.039696235,0
TCGA-13-1489,0,6.13E-19,0,0.02989255,2.07E-18,0.006157124,0.016354638,0,0.001584732,0,1.91E-17,0.026176936,0.011107044,0.010811723,0.010999279,0.003326169,0.005848843,0.013803738,1.16E-17,0,0.019778608,0,8.15E-19,0.023815936,0.002696694,0,7.40E-19,0,0,0,0.015331404,0.049592091,3.89E-18,0,0,0,0,0,0
TCGA-13-1495,0.022247536,0,5.19E-19,0.02208796,0.028368494,0.011521614,0.015112154,7.33E-19,7.34E-19,0,0.02744449,0.012879895,0.051897962,0.040534783,0.026779582,2.93E-19,0.00455306,0.06723214,0.007357162,0,0.062586225,0,0.003154403,0.032374314,0.015334177,1.51E-18,1.03E-18,0.002013463,0,5.31E-19,0.015548054,0.138269573,5.41E-20,0.024235399,1.44E-18,0.001443535,0,0.066294914,0
TCGA-13-1497,0.049104875,0,0,0.035042412,0.004774663,0.019896249,0.01816751,0,0.034850442,5.54E-19,0.001134965,0.081472283,0.089025542,0.038717562,0.037001362,0.002217594,0.009444245,0.109042562,0.018510059,0.007115617,0.118693564,6.24E-20,0.000701457,0.041586263,0.02001702,0,0,0.062801693,0.002264959,1.06E-20,0.02318136,0.077628214,0.009944499,0.033884263,0.009188035,0.003183602,0.001918671,0.02114417,0.002343193
TCGA-13-1499,0.289668748,0.102981527,0.044114206,0.048348004,0.131520646,0.034670778,0.007673958,0.001685566,0.012738387,1.15E-18,0,0.075783335,0.384724748,0.053069761,0.048044951,3.41E-19,0.015493223,0.490221303,0.063023949,0.081629122,0.307757051,0,1.11E-18,0.20665783,0.105496554,2.46E-18,0,0.013777109,0.012827803,0.040355204,0.006480658,0.09789394,0.07420232,0.114764397,0.020029011,0.00229129,8.68E-19,0.040562618,0.005690125
TCGA-13-1505,0.044333856,1.41E-18,1.79E-19,0.012807161,0.116187619,0.04597621,0.00568548,0.002079768,0,2.50E-19,0,0.062288784,0.077399387,0.01647001,0.009104747,0.005731502,0.007006458,0.162047574,0.013190564,0.018135592,0.166722983,1.05E-19,0,0.043749815,0.084648187,0,3.32E-05,0.029937274,2.22E-21,0.002000713,0.011568842,0.074977564,0.016962601,0.029782617,7.08E-19,0.006384465,0,0.048444081,0
TCGA-13-1507,0.074829063,0,1.16E-18,0.059249381,0.050425871,0.036689985,0.025009509,0,0.005001192,5.99E-19,2.35E-17,0.069949127,0.187157343,0.11739134,0.090605877,0,0.000351473,0.218657797,0.06527828,0.022885858,0.328903473,6.31E-19,0,0.196879388,0.031500454,2.54E-18,0,1.55E-18,0.016807887,1.06E-18,0.007250064,0.210349209,0,0.072068001,2.41E-18,0.009619012,1.57E-18,0,0.010375248
TCGA-13-A5FT,0.04416733,0.003036699,3.77E-20,0.019426941,0.017263998,0.015657635,0.026233957,0,0.003269357,3.61E-19,0,0.008806538,0.040976528,0.009326302,0.009982428,2.13E-19,0.005463453,0.051243206,4.59E-18,0.00200339,0.056886422,0.000504317,0,0.016655788,0.010266678,2.93E-20,2.60E-19,0,0,3.20E-18,0.017775763,0.176529257,0,2.89E-19,0,0.005422728,0,0.016552952,0
TCGA-20-0991,0.172901246,0.018283504,0,0.081721477,0.016390545,0.082145923,0.023047504,0,0.022550703,0,1.72E-18,0.0035846,0.510245255,0.177203637,0.114623729,0,0.004296414,0.529715879,0.215514632,0.154761282,0.408557359,0,3.85E-18,0.255367281,0.019470624,0,0,0.052951573,0.015481054,5.35E-19,0.086805082,0.124057014,0.040690671,0.115418138,0.037095995,6.84E-20,0.004318155,0.087007127,0.05373466
TCGA-20-1682,0.052569657,0.000519042,1.31E-19,0.008760745,0.047434556,0.021858045,0.009770055,0,0.021567732,0,0.014332882,0.076507724,0.114623568,0.044843567,0.037860034,0.029269749,0.000903054,0.190713896,0.04098333,0.032635744,0.171302606,0,0,0.157876923,0.076090328,7.51E-19,0,0.02343966,0.012889762,2.23E-19,9.33E-19,0.11767069,0,0.046106127,0.006913816,0.001652774,0.000343921,0.061035889,0.015769424
TCGA-20-1685,0.067788003,0,0,0.003995309,0.043415992,0.033137299,0.019612496,0.0040517,0.010576411,5.81E-19,2.48E-19,0.019089795,0.185074723,0.085842765,0.059593344,0.009061173,0.017605188,0.212748591,0.068267464,0.038108666,0.146257149,1.58E-19,7.00E-18,0.028192498,0.027673868,3.16E-19,0.00249067,0.023889275,0.015888853,0,0.011664205,0.109015917,0,0.009323339,7.51E-19,0.003526427,0.003784074,0.032275074,0.004778516
TCGA-20-1686,0.008790942,6.24E-18,0,0.027388589,0.05980599,0,0.03264874,0,0.028127608,0,0,0.134755228,0.036545431,0.024568872,0.027815902,0,0.004422295,0.083321755,0,0.017036038,0.164573306,0,0,0.025098466,0.046776323,1.49E-17,0,2.27E-17,2.50E-19,0,7.21E-18,0.124742442,0,2.07E-18,5.82E-17,1.79E-18,5.36E-18,0.031630768,0
TCGA-23-1022,1.99E-19,0,1.88E-20,0.033664253,0.010331224,8.19E-19,0,0,0.021142869,5.34E-18,0,0.075995062,0.018838576,0.01422661,0.019898147,0.003586223,0.010960779,0.035853449,0,0.003070475,0.085286539,0,8.63E-18,0.00265403,0.017014873,3.68E-18,0,0,1.34E-19,0,0.01240205,0.060353849,0,0,0,0,0,0.027458984,0
TCGA-23-1023,3.03E-18,6.21E-19,1.29E-17,0.004075285,0.127907807,0.014211897,0.009445502,0.011727841,0.123424669,0,0,0.245323859,0.092804917,0.033313923,0.039849,0,0.006454739,0.222499797,0.071289332,0.016928312,0.188540536,0.011221068,0,0.064673308,0.129694881,1.22E-17,0,0,3.05E-19,0,0.032836015,0.047705507,1.46E-18,0.013921393,1.05E-18,0,0,0.068599936,9.34E-19
TCGA-23-1028,0.065625501,0.001949499,0.001396037,0.017145381,0.043429565,0.013350429,0.023725456,0,0,1.43E-18,0,0.045854603,0.090250691,0.030320483,0.015076121,0,0.007879011,0.111965474,0.00134917,0.024587728,0.133317097,0,4.33E-19,0.035445497,0.021714783,2.04E-18,7.51E-18,0.012003095,0.015540602,1.21E-19,9.51E-20,0.160101937,0.005614144,0.046212764,1.01E-18,0.006123993,5.13E-18,0.02613819,0.013334028
TCGA-23-1110,0.012166794,1.01E-18,0,0.030436688,0.045510401,0.006299396,0.011038482,0,0.019472822,0,0,0.127301247,0.012363721,1.68E-18,0,0,0.006378788,0.045899857,1.94E-19,0,0,3.90E-20,1.70E-17,1.96E-18,0.033536136,2.17E-18,0,5.00E-19,1.05E-19,0,0.061078085,0.011066408,2.30E-19,0,2.91E-18,0.001532949,1.96E-18,0.068030591,0
TCGA-23-1118,0.040405562,0,0,0.011383469,0.023684769,0.002224992,0.023251928,1.79E-18,0.009164276,6.23E-20,0.020277778,0.045621786,0.127841744,0.069176027,0.048495794,5.24E-18,0.012281138,0.14562354,0.036356026,0.026606842,0.236606277,0,2.51E-18,0.070005264,0.017781796,6.16E-19,2.84E-18,0.000112278,0.006987157,0,8.59E-19,0.183939261,0.006937021,0.024794464,0.004694572,0.00602222,0,0.041612596,0
TCGA-23-1120,0.066806157,0,0,0.021564699,0.066535861,0.033992215,0.015610906,0.00382862,0.01584995,0,1.98E-18,0.032959026,0.158738931,0.076433021,0.056576633,2.68E-19,0.011602499,0.200548353,0.048027488,0.021703489,0.203969353,0,0,0.132473595,0.041809422,7.32E-19,0,1.52E-20,0,0.013999229,0.065159708,0.04433536,0.013535741,0.058175824,0.004515973,6.38E-21,3.56E-18,0.047590369,0.008250044
TCGA-23-2077,0.054859141,0.014732798,2.37E-19,0.024831039,0.069402834,5.22E-20,0.003677856,0.00289443,0.012207908,0,0,0.049664065,0.144737101,0.066474034,0.049712069,0.009784437,0.020411768,0.185542471,0.048098178,0.02624928,0.177589584,1.90E-19,0,0.03503868,0.040805371,1.61E-18,0.009553003,0.018585838,1.14E-20,1.09E-18,0.014508736,0.036106243,0.001013251,0.001958995,0,4.29E-20,0,0.065676741,0
TCGA-24-1103,0.01038544,0,4.46E-19,0.013535577,3.99E-18,0.012635081,0.013770572,2.25E-18,0.011488,7.08E-19,5.48E-19,0.053573703,0.014101473,0.009357164,0.006461858,1.73E-20,0.001409606,0.020260685,0,0,0.014413005,3.76E-19,1.16E-17,0.038283674,0.006159211,4.63E-20,2.36E-18,3.24E-19,0,1.73E-18,0.007519425,0.097076515,0,0.002289014,5.64E-20,4.36E-20,1.15E-17,0.04192581,2.29E-18
TCGA-24-1105,0.130149448,0.008811681,0,0.046217534,0.075316729,0.038820662,0.00767059,6.55E-19,0.008014013,0,0,0.041979979,0.154776379,0.044344775,0.031701841,0.007235017,0.007217658,0.197928305,0.018628581,0.026232667,0.097179787,0,5.36E-18,0.106968953,0.043151926,0,0.009611099,0,6.26E-21,0.002228713,0.018352749,0.080260963,0.005591439,0.02457068,0.000101111,0.001887396,0,0.041651616,0.002170523
TCGA-24-1413,0.059168406,0,0,0.035728681,0.037919807,0.019692546,0.011045516,5.78E-21,0.018313547,1.69E-18,0,0.013432302,0.086083784,0.031753816,0.029683614,0.000333948,0.010728464,0.114200461,0.018962855,0.007396005,0.125935918,0.00111613,1.50E-18,0.048702041,0.028116677,0,0.024215099,2.92E-19,0,0,0.0190335,0.003659708,0,0,2.42E-18,2.96E-21,0,0.023005573,0.003542849
TCGA-24-1418,0.093358184,0.017821274,0.005613317,0.026463705,0.040953212,0,0.0024636,0,0.011433269,0,0.028255155,0.025678878,0.110068403,0.029523076,0.02331838,0,0.007649853,0.140293209,0.025569389,0.00857953,0.137335327,4.88E-21,1.70E-18,0.066721896,0.030224806,0,0,1.17E-18,0.006096793,0.005865315,0.003445231,0.083747017,0.000422574,0.017539109,0,0.002261023,3.22E-19,0.039491217,0.003324667
TCGA-24-1419,0.035385046,0.005245715,0.000790577,0.012954985,0.023971952,0.004691324,0.015041328,0,0,5.78E-19,2.06E-18,0.008064269,0.044618618,0.018082085,0.004531422,0.007484638,0.013082758,0.056604594,0,0.000378038,0.010958386,0,3.22E-18,0.005305272,0.011985976,1.14E-18,1.36E-19,0.001251398,2.00E-19,1.85E-19,0.005155594,0.090610337,0,2.81E-19,2.96E-18,0.005864776,0,0.05100186,1.27E-18
TCGA-24-1423,0.023969323,0,0,0.022993047,0.003580674,0.019972651,0.00851503,9.52E-19,0.02536782,2.43E-18,2.25E-18,0.030705409,0.05511013,0.030335455,0.023445711,0.017143219,0.014429123,0.072343152,9.85E-19,0.011218691,0.079420193,0,3.40E-18,0.031883468,0.017233021,7.25E-19,0,0.01570415,0,0,9.65E-19,0.012350211,0.002712603,0.006423819,7.16E-19,0,0.002058421,0.027378509,0.004814692
TCGA-24-1425,0.028514678,0,7.21E-19,0.002485284,0.132144676,0.010511754,1.79E-20,0.003125004,0.111800508,0,0.016996666,0.154477705,0.104324074,0.041797805,0.048083771,0,0.010575437,0.351179082,0.060093951,0.015101932,0.131828184,1.11E-19,0,0.086927578,0.246855008,4.60E-19,0.008573473,0.006768059,3.45E-22,0.025427401,0,0.038682057,0.000402308,0.014396117,0.003021302,4.27E-21,0,0.114501863,0.001492808
TCGA-24-1428,0.099338739,7.50E-21,0,0.050781122,0.05380895,0.044231104,0,0,0.007812483,0,0,0.012274996,0.223801946,0.121720236,0.088139074,0.004468171,0.012280943,0.255855496,0.073718463,0.028644538,0.254111058,5.48E-20,6.03E-18,0.096619096,0.032053549,5.88E-18,0.017977438,0.013059474,1.37E-20,3.62E-19,0.050884422,0.152623944,2.24E-19,0.020559956,1.33E-18,0.001655934,3.37E-18,0.050023711,0.006543023
TCGA-24-1430,0.009446511,4.36E-18,9.84E-19,0.026456256,0.038602612,0.011928871,0.002587794,0.005300493,0.009596658,3.24E-21,0.002222244,0.076926053,0.022931911,0.006801899,0.000211543,0,0.008226953,0.049006825,0,0.002923077,0.019833514,1.36E-20,2.55E-18,0.003067098,0.026074914,0,0.013270262,0.002432348,0,0.000353291,0.004715368,0.028301056,0.006999427,0.004874276,0,0.004147782,0,0.03092117,1.51E-18
TCGA-24-1435,0.027834382,0,6.53E-19,0.002684346,0.049227406,0.021362222,0.011097859,0.002345865,0.016036614,3.28E-21,0.003067708,0,0.129630586,0.053315468,0.04800545,0.008563562,0.010232069,0.166371609,0.053026095,0.039661869,0.187270223,1.35E-19,1.03E-18,0.055742464,0.036741023,7.29E-19,0,0.042649418,0.002583223,0.008845901,0,0.108180759,0.010375996,0.027263996,0.009544651,0.002385111,3.05E-05,0.047991065,0.001378264
TCGA-24-1463,0.023870756,0,0,0.014130457,0.050193912,0.02789177,0.003195631,7.13E-19,0.014803586,0,3.40E-19,0.022078212,0.094924085,0.041378706,0.033886938,2.23E-19,0.007639925,0.139417811,0.023914776,0.045581965,0.113324449,0,0,0.061873004,0.044493726,0,1.34E-18,0,0,0.001756614,0,0.092107897,1.28E-18,0.002310269,0,1.76E-19,8.25E-18,0.038759958,1.59E-18
TCGA-24-1467,0.035894561,3.07E-19,2.87E-18,0.00747568,0.011348238,0.037440793,0.009129141,0.001681928,0.003217067,0,0,0.060179733,0.051241225,0.015326864,0.011841003,6.55E-19,0.016647156,0.059125437,5.94E-18,0.008993257,0.118768125,0,3.90E-19,0.031008172,0.007884212,3.34E-19,0.033871842,0.007492522,3.08E-21,0,0.01105808,0.041937061,7.95E-19,0.002433862,1.94E-18,0,0,0.025929372,0
TCGA-24-1469,0.06085101,0,8.10E-19,0.022163608,0.011403981,0.026850723,0.000517592,2.46E-18,8.11E-22,0,0,0.037291788,0.061761577,0.021378472,0.020309833,0.011771246,0.000673774,0.068831401,0,0.00973911,0.106393642,3.11E-20,1.31E-17,0.0537164,0.007069824,0,0.006118121,0.016889164,9.89E-20,4.46E-18,0.018455876,0.161535989,0,0.004871014,0,6.74E-05,8.08E-19,0.043007372,0.018046898
TCGA-24-1470,0.146446514,0.015425311,1.56E-18,0.023953054,0.042162765,0.068649462,0,5.21E-20,0.031777434,1.99E-18,0.004094178,0.020122826,0.2688433,0.048143044,0.042975975,0.013656922,0.017351443,0.305813399,0.06712819,0.06438416,0.227570247,4.59E-19,0,0.12910755,0.0369701,0.001061506,0.010239484,0.066308264,0.017649216,0.039363128,0.007128825,0.071177349,0.058750094,0.073610959,0.035359683,2.83E-20,0.010456604,0.106611256,0.04956774
TCGA-24-1545,0.168220664,0.010234857,0,0.102631057,0.071705497,0.06044578,0.017760679,1.46E-19,0.017762282,0.001669514,0.017746452,0.134218818,0.314439342,0.079521783,0.061510368,9.94E-21,0.018263621,0.368488885,0.071547635,0.067077531,0.316357837,3.10E-19,2.97E-20,0.166249487,0.054049543,0.000675362,0,0.07340853,0.013423097,0.02485828,0,0.067310476,0.064682904,0.102626254,0.043691125,0,0,0.049379897,0.033447658
TCGA-24-1550,0.02756891,1.48E-18,4.90E-20,0.015575148,0.092331167,0.01035065,0.00648728,2.19E-18,0.061261278,1.07E-18,0.010398856,0.098679286,0.170007161,0.059338743,0.066816031,0,0.003448615,0.246803384,0.100649437,0.059361075,0.135559871,0.002387591,1.69E-18,0.038922815,0.076796222,3.97E-19,0,0.00470264,9.69E-05,5.12E-20,0.008112378,0.091485795,0.00225637,0.015924599,0,0,0.001065603,0.029997367,0.002276356
TCGA-24-1551,0.080875597,0,2.47E-20,0.012622499,0.036920227,0.025672767,0.010086373,0,0.003364589,7.52E-18,1.56E-18,0.006703067,0.208161671,0.075297018,0.056464376,0.008208887,0.005867166,0.228765201,0.106062022,0.042865728,0.179847297,0.001274975,9.84E-20,0.082289852,0.02060353,2.63E-18,3.50E-18,0.027672953,1.11E-20,0.010016074,0.030874109,0.035570889,0,0.036926174,9.18E-20,0,0.01140488,0.036692849,0.003595997
TCGA-24-1553,0.180651316,0.026880615,3.19E-18,0.053041452,0.043770502,0.060620005,0.001223686,0,0.007180567,0,0,0.020349435,0.334133583,0.087557087,0.07396616,1.25E-18,0.028712865,0.359609117,0.048436743,0.029485448,0.246094316,3.89E-19,1.78E-21,0.115174979,0.025475535,1.85E-19,0.00973851,0.10425414,0.024916846,0.011859921,0,0.120660196,0.126356915,0.176340687,0.090410702,0,0,0.013498019,0.030917799
TCGA-24-1555,0.047852178,5.55E-19,0,0.012719583,0,0.02343965,0.017614581,1.09E-18,1.77E-20,0,0,0.025552633,0.076427001,0.036293528,0.015468479,0.010583085,0.014200255,0.076427001,0.007185559,0.006346382,0.047930081,0.000412075,1.20E-18,0.021389009,8.87E-21,1.05E-18,0.001666568,0.019156406,0.000800048,0,0.022932163,0.02015283,0.002350524,0.006525904,1.25E-18,0.000334099,8.67E-20,0.063131247,0.001288511
TCGA-24-1556,0.038691196,0,2.25E-18,0.023670009,0.044164871,0.002754432,0.005368385,0,0.015982153,0,0,0.036094181,0.108808901,0.056713278,0.051575527,0.007836905,0.011067326,0.138882413,0.028399714,0.015397221,0.197972092,3.87E-20,1.21E-18,0.065339395,0.030073512,0,0.000313743,0.024972097,0,0.012876657,0.051705325,0.125978941,0.012944616,0.049818524,0.002435656,2.13E-20,0,0.037045887,0.00466077
TCGA-24-1560,0.03253193,0,1.58E-20,0.008221047,0.030867708,0.004137116,0.025156696,2.03E-19,0.000869368,2.88E-19,8.47E-22,0.005012766,0.055777029,0.029534755,0.006267798,0.02620058,0.01147634,0.071645567,0.004445002,0.002762126,0.06875266,0.000883767,2.72E-18,0.016118898,0.015868538,0,0.006283184,0.025968729,0.000722909,0,0.003997913,0.044869835,0.002031624,0.010132865,3.48E-18,0,0.003394939,0.027354262,5.36E-19
TCGA-24-1562,0.045821341,0,0,0.016070918,0.059898228,0.012764434,0.014239613,4.55E-19,0.013957156,1.33E-18,7.62E-18,0.046698294,0.095321217,0.040155134,0.022171433,0.007503948,0.014042473,0.141007427,0.008296148,0.03466673,0.122893949,0,0,0.061482703,0.04568621,1.00E-18,0,0.013347315,1.82E-19,0.00332648,0.007477075,0.040589888,0,0.022931987,4.90E-20,5.25E-23,4.21E-19,0.044391695,0.010014767
TCGA-24-1563,0.022390369,6.74E-18,0,0.008431078,0.076002945,0.026973042,0.015203226,0,0.025479524,0,1.10E-18,0.075721384,0.097153845,0.046668767,0.034222316,3.32E-18,0.002126342,0.151160268,0.046712184,0.027409345,0.134110219,0.00042376,5.78E-18,0.051102262,0.054006423,1.28E-18,0,0,0.002212092,0,0.006235982,0.073238934,2.47E-20,0.014168219,1.36E-18,0,3.98E-19,0.00156515,1.20E-18
TCGA-24-1564,0.044489521,0,0,0.0066855,0.047236624,0.051453289,0.000774934,0,0.010455976,0,0.004765157,9.80E-19,0.271164349,0.131796697,0.109435501,0.002403204,0.014314371,0.300010648,0.167372432,0.048773502,0.142952345,3.33E-20,1.04E-19,0.042805643,0.0288463,0,3.11E-18,0.052339288,0.000955919,0.012126358,3.44E-18,0.02989038,0,0.015407846,3.85E-18,0,0.001995252,0.036923171,0.021729318
TCGA-24-1603,0.042783847,2.81E-18,5.24E-18,0.024111748,0.008058831,0.007078124,0.019335165,0,0.014921271,1.36E-19,0,0.035240671,0.083160492,0.038034891,0.021184387,0.011032844,0.013303962,0.094650543,0.016602487,0.012223451,0.05341478,0.0017921,0,0.008755967,0.011490051,0,0,0.020197381,0.001703805,0,0,0.108711058,3.68E-19,0.016542963,1.11E-18,0.000447908,4.40E-18,0.00292027,0
TCGA-24-1616,0.038191331,0,0,0.007608671,0,0.005574988,0.001491806,2.59E-19,0.00876856,7.35E-19,3.80E-19,0.088957995,0.050886251,0.026511576,0.014692329,0.001588882,0.007008023,0.055270531,0.001609055,0.000634972,0.041389832,0.002374419,4.09E-18,0.010694813,0.00438428,8.10E-19,0,0,3.01E-20,1.03E-19,0.013050245,0.028717748,1.27E-18,0.005584819,1.07E-18,1.04E-19,1.20E-19,0.041092363,1.64E-19
TCGA-24-1842,0.087649989,0,0,0.031248422,0.030590702,0.047896258,0.001192517,2.92E-19,0.005590768,1.97E-18,0,0.008176479,0.209367524,0.09109291,0.05954926,0.00440365,0.012483344,0.228069378,0.051209481,0.033219187,0.211863913,5.41E-19,0.001656332,0.139227217,0.018701855,0,0,0.086371794,0.01271067,8.91E-19,0.056175172,0.094058183,0.036740043,0.079745809,0.0298536,1.52E-19,0.018739843,0.061737797,0.029843838
TCGA-24-1849,0.111206667,0.014484386,0.002104379,0.04083631,0.146180946,0.045693324,3.25E-21,0.011260803,0.081369667,1.22E-18,0.002673289,0.115450293,0.322923309,0.069761999,0.065356729,0.010009103,0.011263107,0.51541103,0.170040271,0.083187687,0.183932403,0.000423301,0,0.149292843,0.192487721,4.69E-18,0,0.032863648,1.12E-21,0.02771048,0.010576337,0.047516686,0.038501931,0.071448302,0.018762604,1.34E-19,0.000245501,0.068788405,0
TCGA-24-1850,0.049720071,8.72E-19,0,0.013402025,2.36E-18,0.012346201,0.004091302,0,0,9.90E-20,0,0,0.120738705,0.066909483,0.0512439,0.009682933,0.003499846,0.122532841,0.0316214,0.029357257,0.120207834,0,3.70E-19,0.061070954,0.001794137,3.77E-18,0,0.018402122,0,0,0,0.129781983,0,0.015666395,2.00E-19,0.000450743,2.58E-18,0.037057997,0.009330165
TCGA-24-1923,0.061918228,1.72E-18,0.002328343,0.016013718,0.194511457,0.00215949,0.011160712,0.013219015,0.001294705,1.99E-20,0.020677404,0.212697734,0.067207801,0.017293059,0.016687053,2.92E-20,0.011319903,0.165110882,0.009834522,0.000445989,0.119004936,0,0,0,0.097903081,4.92E-18,0.001925304,0,0,0,0.006572316,0.038754282,8.11E-20,1.30E-18,1.43E-18,7.19E-21,0,0.061253707,6.89E-19
TCGA-24-1924,0.085410468,1.13E-19,0.000753123,0.03425695,0.013704222,0.020426332,0.014421831,0,0.01123416,0,3.98E-19,0.033588114,0.222205274,0.103759353,0.071346377,0.000177846,0.006489685,0.236688476,0.093996668,0.030040109,0.273982483,0.001553903,0,0.116204549,0.014483202,0,0,0.014493598,0.020957835,0,0.030425689,0.175210448,0.012057725,0.070173335,0.006410067,0.000182013,4.75E-19,0.027336146,0.019464218
TCGA-24-1930,0.110912657,0.008114965,0,0.066367563,0.025116419,0.03109283,0.008392808,2.12E-19,0.04821554,2.46E-19,0.00984383,0.023395009,0.288543882,0.122419402,0.096302107,0.004761584,0.021160573,0.330727656,0.109587683,0.027455749,0.280745439,4.14E-20,0.01229429,0.148360207,0.042183774,1.21E-19,0,0.075833727,0.001581196,0.005100094,0.02932441,0.030253181,0.028985467,0.056991052,0.042119356,0,0,0.062790591,0.021163497
TCGA-24-2024,0.031670626,0.003107374,5.22E-18,0.030201905,0.065886205,0.015798005,0.003241562,3.33E-19,0.008113649,0,9.20E-18,0.015341985,0.064314479,0.033597544,0.020062625,0,0.004455496,0.103763148,0.015709199,0.009063569,0.108313975,2.89E-20,0,0.035579806,0.039448669,1.07E-18,0.001298443,1.26E-18,0,0,0,0.020222183,0.001975283,1.16E-18,0,2.14E-19,2.81E-18,0.048827254,0
TCGA-24-2038,0.061744885,6.71E-18,5.48E-18,0.014987509,0.01840527,0.028592389,0.011701958,0.009621619,4.92E-23,0,0,0.0339703,0.089041224,0.018995636,0.010462435,0,0.02262289,0.098243859,0.013876534,0.014615904,0.048491562,0.001705986,1.05E-17,0.014554588,0.009202635,0,0.011550534,0.016161321,1.09E-19,0,7.77E-19,0,0,6.63E-19,0,0,0,0.069243761,0
TCGA-24-2254,0.019580144,0,1.22E-20,1.25E-18,0.092336901,0.028596765,3.30E-19,0.01296351,0.003968886,0,0,0.032468242,0.136516845,0.038941974,0.030923445,8.03E-20,0.014573591,0.185927786,0.101568969,0.03005514,0.088390537,5.54E-05,0,0.017237485,0.049410941,2.61E-18,0.015828027,0.024647277,0,4.64E-18,0.004259315,0,4.41E-19,2.62E-23,0,5.38E-19,0,0.027822532,3.38E-19
TCGA-24-2280,0.07965787,0.017099153,0.000713217,0.031976848,0.132807341,8.37E-19,0.000158176,0.002947213,0.076122607,0,0.010853314,0.08164637,0.146754082,0.024794814,0.024574515,0.002239633,0.015580385,0.304442765,0.05822089,0.01888093,0.045515811,0,2.88E-19,0.026655705,0.157688683,6.13E-19,0.040197094,0.004834825,3.23E-20,0.008942572,0.007651236,0.015134526,0.022996234,0.000217485,0.002920274,0.007032737,1.92E-18,0.081990895,0
TCGA-24-2281,0.097935607,0,0,0.03905798,2.17E-19,0.048108999,0.001795895,0,0,0,1.29E-17,0.012898876,0.252584286,0.115789232,0.082831733,7.70E-19,0.009059232,0.252584286,0.063184465,0.090551718,0.316954683,0,2.64E-19,0.134127758,1.08E-19,0,0.017138249,0.059246162,0,9.98E-20,0.044771607,0.053618547,0.002356174,0.038472388,0.001429036,0.007166992,0.001853519,0.092896242,0.043425288
TCGA-24-2290,0.072519677,0.000444761,0.003564718,0.005609712,8.18E-20,0.028431877,0.005694767,0.001234514,0.013377313,1.13E-18,0.014151347,0.023207587,0.205698724,0.070581069,0.045490933,0.001623134,0.017548075,0.214438027,0.107412986,0.039940953,0.183679017,0.000545326,0,0.053320666,0.008739304,0,0.004164851,0.031492829,0.002497547,1.15E-18,0.027301612,0.043124098,2.37E-19,0.006689604,0,0,0.004836244,0.04491985,0.013561218
TCGA-24-2297,0.034208494,0,1.11E-18,0.041629929,0.042822827,0.016835774,4.22E-20,6.64E-21,0.02082646,0,0,0.027905437,0.032322583,0.004998231,0.00424501,2.39E-20,0.009039234,0.067020577,0,0.000237916,0.071780848,0,0,0.025185208,0.034697993,0,0.022272968,0,1.35E-19,4.59E-18,0.001048378,0.046658633,7.13E-19,0,6.36E-18,0,2.34E-18,0.046954613,2.08E-18
TCGA-24-2298,0.000889938,0,2.24E-18,0.010002718,0.007149101,0.000171641,0.016008925,1.86E-19,0.004716193,0,0.007557514,0.057911251,0.033379944,0.027324594,0.02409307,1.75E-18,0.005387092,0.04031789,0.010067275,0.001409718,0.093269488,1.43E-19,2.48E-19,0.05793785,0.006937947,4.92E-19,0.002786532,0.047290302,4.52E-21,0,0.013941406,0.024922104,0.004991298,0.013172982,0.00991981,0,2.80E-18,0.031375354,0.002932706
TCGA-25-1321,0.045478837,0,0,0.01349778,0.029464908,0.032802762,5.53E-20,5.18E-19,0.00430987,3.49E-18,1.85E-18,0.012569535,0.086331778,0.037897591,0.0219915,0.004383165,0.01810057,0.104453491,0.01527756,0.012624873,0.089778102,0.000118235,9.88E-20,0.026382904,0.018121713,0,0.00188278,0,0,8.39E-18,0.006857533,0.015584947,3.86E-19,2.03E-18,0,0,9.01E-20,0.042058721,0
TCGA-25-1630,0.072969603,0.017004269,0,0.022694304,0.048367478,0.012077598,0.013733513,0.010300521,0.010485354,5.15E-18,0.000828443,0.029781471,0.325622135,0.097961532,0.059541069,0,0.019689663,0.357296487,0.1784444,0.059607614,0.15250773,0.05976039,0,0.058456242,0.031674352,6.82E-19,6.76E-18,0.04892684,0,1.90E-20,0.002390644,0.052665372,0,0.013530371,1.69E-18,1.72E-20,0,0.012477307,4.98E-18
TCGA-25-1633,0.064670988,5.38E-19,0.000332686,0.024963783,0.081612762,0.013578967,0.000519037,1.93E-19,0.01860522,0.004706917,0.018808527,0.052153228,0.211097414,0.062224058,0.056766759,0.003989959,0.01631337,0.268256462,0.07577469,0.042806499,0.233651878,0.00157421,0.007831838,0.131689694,0.057159048,0.004576018,0,0.0557993,0.015945929,0.004252458,1.96E-18,0.066840464,0.036167533,0.066735078,0.031565209,0.000490287,4.37E-18,0.022957771,0.032345611
TCGA-25-1634,0.02623082,0.001321369,2.59E-19,0.028048305,0.015363379,0,0.003963876,4.38E-18,3.96E-20,1.75E-18,9.74E-19,0.005921673,0.023506679,0.000423499,1.24E-18,4.52E-19,0.0086057,0.031188369,0,0,3.17E-19,0,0,0.006145718,0.007681689,1.09E-18,2.32E-19,0,7.81E-20,3.86E-19,0.022594049,0.013918651,0,3.63E-18,8.71E-19,2.82E-19,6.84E-18,0.066123382,0
TCGA-25-2391,0.023679272,0,0,0.003199995,0.021976232,0.016695919,0.0043046,7.30E-21,8.64E-19,0,0.010705431,0.003161513,0.108248301,0.060770914,0.038999909,0.011389254,0.009140425,0.119355469,0.0471412,0.014197089,0.045609996,0.000605344,1.72E-18,0.040363536,0.011107168,1.15E-18,0,0.041469111,0.00188152,0.000992064,0.024603107,0.047225835,0.006838207,0.0289484,0.000194602,0.001234864,0,0.021401453,6.04E-05
TCGA-25-2398,0.032911974,0.001111746,0.000249132,0.020306337,0.061251063,0.000592662,0.000721372,0,0.010684493,1.98E-18,9.41E-19,0.04577999,0.123234698,0.041014509,0.02901474,0,0.007342016,0.162393342,0.049958649,0.053624899,0.149425091,8.77E-21,1.32E-19,0.083380326,0.039158644,2.17E-18,0.005211217,0.01465663,2.96E-20,0,0,0.04833025,1.22E-19,0,3.58E-18,9.99E-20,0,0.025743155,0.004828066
TCGA-25-2400,0.032627494,1.47E-18,3.17E-21,0.008102907,0,3.79E-18,3.97E-06,1.59E-18,0,1.51E-19,6.47E-18,0.023310068,0.057707278,0.03932455,0.031914126,0.019184263,0.007391378,0.058591244,0.001700095,0.00468632,0.103910745,0.00083108,3.06E-18,0.011396217,0.000883966,3.86E-18,5.58E-18,0.003664216,2.72E-19,1.24E-18,0.012375486,0.016621683,0,5.40E-19,0,7.76E-19,0,0.056397419,7.04E-19
TCGA-29-1693,0.026908174,9.60E-19,2.56E-18,0.051035227,0.055117728,0.000394499,0.06687683,0,0.010087827,4.03E-19,0,0.062857754,0.092770017,0.06203391,0.044469359,0,0.005040963,0.128652807,0.023622582,0.004915706,0.139018375,2.15E-19,0.014293471,0.071219567,0.03588279,1.65E-18,1.79E-18,2.91E-20,0.005416999,0,1.08E-17,0.120240118,0.00234022,0.031448128,0,0.00301117,1.56E-18,0.029953623,0.001233562
TCGA-29-1697,0.017872519,4.18E-18,1.77E-18,0.014101448,3.17E-20,0.010776888,0.017318848,6.20E-20,1.74E-19,0,9.15E-19,0,0.032919837,0.025111705,0.014559997,0.025731301,0.003236298,0.035481015,0,1.51E-21,0.041086141,1.56E-19,0,0.013767135,0.002561178,1.47E-18,2.20E-19,0.023600054,0,0,0.023047394,0.095717145,0.003159234,1.52E-19,9.14E-19,0.009041464,0.002002505,0.040004789,0
TCGA-29-1702,0.021253724,0,0,0.016406064,0.042571402,0.007104558,0.005132573,2.49E-19,0.003173966,0,0,0.031993627,0.053794024,0.017787065,0.009164714,0.020322414,0.029714235,0.076666708,0,0.007606146,0.043563455,0.000958622,3.13E-19,0.001792098,0.022872684,1.12E-18,0.00703316,0.002226948,0,0,0.033857906,0.038788157,0.003371244,0,1.94E-19,0.005856755,9.17E-18,0.040573447,0
TCGA-29-1705,0.026365371,0,4.88E-18,0.011365525,0.024356744,0.015086662,0.029024928,0,0.022240857,0,0.020141433,0.016226157,0.094859735,0.051371885,0.031462221,6.57E-20,0.011881165,0.12085039,0.04471784,0.007953341,0.129430503,0,4.90E-20,0.059447975,0.025990655,0,0,0.038373763,0.000764984,0.00330054,0,0.096833558,0,0.002764232,0,0.00144389,0,0.060099961,0.000741892
TCGA-29-1711,0.036627822,2.36E-18,9.62E-19,0.000680054,0.017786412,0.045344411,0.007893658,7.46E-19,0.019597935,1.58E-18,3.14E-19,0.003187634,0.177168559,0.068582248,0.047286484,0,0.012114241,0.196143905,0.047428134,0.052825863,0.223399206,2.80E-19,0.025927283,0.070818602,0.018975345,0,0,0.090304745,0.010128416,0.012722335,0.005115405,0.116488628,0.022247249,0.067904557,0.046759462,0,0.000404163,0.043127473,0.012454629
TCGA-29-1769,0.048036855,0.00903792,5.90E-20,0.036225449,0.072868914,0.000971662,0.031508077,1.67E-18,0,0,0.022902982,0.043965692,0.136032356,0.056739177,0.043250659,0.001831061,0.002504487,0.180730873,0.068201092,0.018594762,0.173948088,0,0.004210929,0.100897576,0.044698517,1.18E-18,8.22E-19,0.002182103,0.010330812,0,0.015816502,0.136103878,0.005761232,0.038405074,0.005168129,0.011113462,2.12E-19,0.032448111,3.58E-18
TCGA-29-1770,0.029727143,3.80E-19,1.07E-18,0.03011155,0.049106308,1.14E-18,0.01783518,1.23E-19,0.044196133,1.11E-18,3.54E-19,0.035375778,0.068603306,0.036073999,0.020428644,0.002637293,0.008624966,0.12201557,0.028009746,0,0.066664238,0,0,0.059149066,0.053412264,1.91E-18,1.93E-18,0.013739325,0.000469443,0,0.004926049,0.050132932,0.000469104,0.002388592,0,0.002262707,0,0.028705372,7.51E-19
TCGA-29-1778,0.085774168,0,2.54E-18,0.040179949,0.086028916,0.045125123,0.010534038,4.24E-19,0.03018874,0,0,0.051543686,0.198159647,0.038219592,0.028257681,0,0.020321564,0.256268475,0.032309755,0.073502879,0.221732344,1.47E-19,0.007881277,0.101304624,0.058108828,0,2.42E-19,0.077165164,0.010155284,0.007476768,0.015479756,0.121880433,0.039230237,0.062300312,0.029275555,0,8.87E-18,0.084742204,0.025739923
TCGA-29-1781,0.241728066,0.034959876,8.05E-18,0.109664528,0.016785714,0.081377539,0.061208801,0,0.008871737,2.08E-18,6.27E-19,0.024679617,0.416895349,0.126638527,0.07627927,0.017833219,0.031326303,0.429724075,0.086831987,0.067116467,0.29634538,0.001256295,0.009271288,0.152636733,0.012828726,0,0,0.08325737,0.0325684,0.003252087,0.030144672,0.16785181,0.061174091,0.139842857,0.051815423,2.22E-21,0.02671614,0.039291098,3.64E-05
TCGA-29-1784,0.18436848,0.009898718,0,0.065544264,0.028245122,0.095069335,0.047730797,0,0.001752106,3.42E-18,0,0,0.322028961,0.109505683,0.068405529,0.007014961,0.013442928,0.337835945,0.096083848,0.058672192,0.309105166,7.94E-19,2.56E-18,0.106895512,0.015806983,4.34E-19,0,0.044360397,0.024818815,3.26E-19,0.010340341,0.206470936,0.020970312,0.062840761,0.005313751,0.007094568,4.92E-18,0.035981253,0.002404596
TCGA-29-1785,0.074661751,1.70E-18,0.001252801,0.020830327,0.00440073,0.029852586,0.029129182,1.26E-18,4.69E-20,0,0.017613663,0.012355263,0.243542264,0.101981246,0.073144721,8.26E-05,0.019122933,0.247136148,0.048442226,0.027617103,0.273242595,0,0.041085687,0.149402377,0.003593883,0.001952121,0,0.03473822,0.025308485,0.016834383,0.030259338,0.107185175,0.05045033,0.103447753,0.054646499,0.00212266,0.021292129,0.02192086,0.031547457
TCGA-29-2425,0.061154768,0,0,0.054408126,0.019382444,0.022395314,0.0022724,0,0.007588703,0,0,0.02595849,0.087640479,0.029300639,0.020743579,2.17E-19,0.013414913,0.101126053,0,0.025951824,0.115785494,0,0,0.05457109,0.013485574,0,0.003966861,0.0343883,0.001502705,0.003891141,0.024013741,0.046330603,0.001638574,0.022724715,1.27E-18,0.002006094,0,0.011822939,0.010339407
TCGA-29-2427,0.115567759,5.09E-18,2.50E-18,0.045784689,0.05060784,0.060537126,0.010199765,4.94E-21,0.010398407,8.20E-19,0.005865856,0.096491446,0.290132934,0.153119295,0.121406505,0.008117382,0.014347437,0.326129227,0.062649845,0.018608936,0.312708033,5.93E-19,0.017999674,0.197578362,0.035996293,0,9.28E-19,0.047048591,0.012628735,0.01987351,0.021193655,0.131711684,0.052906455,0.134401679,0.062860562,0,0.020448699,0.023423444,3.70E-18
TCGA-29-2428,0.121765759,0.017168449,0,0.073085594,0,0.071814666,0.00973053,0,0.012718545,0,0,0.002810726,0.292610124,0.081422176,0.047222427,0,0.011455756,0.299851616,0.045850867,0.123519695,0.237091423,0,0,0.14547518,0.007241492,0,0,0.057503404,0.007218275,7.73E-19,0.027992544,0.119597869,0.054900933,0.102885603,0.027488718,0.009750739,0,0.122405603,0.032615386
TCGA-29-A5NZ,0.029885048,0,2.12E-18,0.009599957,0.043922605,0.036200638,5.58E-05,0.001393146,0.009085914,0.000232744,0.00430158,0.025177854,0.044489292,0.012332058,0.011298457,5.92E-19,0.005311494,0.07369514,0.004034044,0.008656847,0.065811195,2.07E-19,0,0.027950938,0.029205848,1.84E-19,0.015950975,1.37E-19,0,0.001409081,0.002366135,0.056780946,0.006281703,0.001647358,6.30E-19,0,0,0.068435465,0.03459819
TCGA-30-1853,0.014161078,0,0,0.042916946,4.05E-18,3.95E-18,0.011808137,0,0.011474177,1.24E-18,0,0.060757892,0.01559503,0.002666726,0,0.006793005,0.00656474,0.021905548,7.56E-18,0,0,1.98E-19,0,0,0.006310518,0,0.047288399,0,6.31E-20,8.54E-19,0.034235913,0,1.26E-21,2.59E-18,0,0.018901796,4.76E-18,0.016414083,8.04E-19
TCGA-30-1860,0.079895472,3.71E-18,0,0.028706102,0.075294277,0.077251494,0.007440473,0,0.004855996,3.50E-18,0,0,0.227690839,0.100375618,0.085008595,0.010880639,0.00619129,0.268036268,0.076513197,0.028976075,0.270391818,0,0.020129924,0.178673458,0.040345429,0,0,0.050813562,0.023201524,0.002582937,0.06614312,0.219357203,0.029454684,0.125901571,0.037641562,0,0,0.115230373,0.038008595
TCGA-30-1892,0.017541241,0,0,0.021683549,0.144395876,0,0.048187086,4.96E-19,0.051826949,0,0,0.123727515,0.08206657,0.046420799,0.026873283,0,0.004805534,0.184519867,0.042241563,0.000951557,0.102743629,5.42E-19,0,0.060857046,0.102453297,5.85E-19,0,0.00426421,0.008316734,6.15E-19,0,0.080306485,0.01113916,0.028206478,0,0.015431984,0,0.023197492,2.75E-19
TCGA-31-1944,0.064727559,0,1.80E-20,0.024508177,0.051429951,0.012713099,0.010510683,0,0.007064186,7.72E-19,0.016511171,0.062186803,0.113003701,0.038536097,0.036148678,0.005701505,0.012989219,0.143798722,0.038781931,0.013526543,0.088669659,0.000944202,2.42E-19,0.047187898,0.030795021,4.78E-19,0,0.002124039,0,0,6.10E-18,0.09698379,1.58E-18,0.001475679,0,0,0,0.079601424,0.003901515
TCGA-36-1571,0.004892821,4.43E-18,3.36E-18,0.014735735,0.055959967,0.01978079,0.019500761,0.002412363,0.00174753,0,2.75E-18,0.016877816,0.020097078,0.015975089,0.008445894,0.004630943,0.009195462,0.051528276,3.78E-18,8.22E-05,0.022195352,0,0,0.008020838,0.031431199,0,0,2.90E-19,2.24E-19,1.21E-19,0.013942591,0.06514642,0,1.82E-19,2.35E-18,1.28E-19,0,0.011053556,0
TCGA-36-1574,0.01771418,0,4.85E-19,0.010427926,0.037022239,0.011830841,0.030063639,4.14E-19,0.013746537,1.28E-18,0,0.05554612,0.110182761,0.061374696,0.04524025,3.49E-18,0.001199463,0.138515203,0.030973608,0.054012194,0.159839442,7.52E-19,0,0.057753845,0.028332442,3.50E-18,9.99E-18,0.034206975,0.005813953,2.55E-19,0,0.173397619,9.02E-19,0.014543699,8.23E-19,2.63E-20,0,0.01932968,5.06E-19
TCGA-36-1577,0.006956854,1.08E-18,0,0.002119712,0.086702814,0.012608074,0.005838475,7.73E-19,0.016610327,2.42E-18,5.55E-21,0.008140997,0.037536646,0.020252141,0.012503285,0.003332819,0.007324097,0.090736006,0.010616477,0.001990063,0.021109783,2.14E-20,4.96E-18,0.012411403,0.05319936,0,0,0,2.05E-19,6.85E-19,0.007665152,0.111945517,0.009165338,0,0,0.027852028,3.79E-18,0.011876358,0
TCGA-3P-A9WA,0.018735042,4.51E-18,0,0.004395824,0,0.044927047,0.01904636,0.000257251,0,3.14E-20,1.91E-18,0.001898203,0.072428149,0.030302608,0.019915179,0,0.011487961,0.072428149,0.02265863,0.024427127,0.069090722,0.001030857,5.91E-18,0.032264782,0,9.43E-19,0.012823081,0.071191452,0,4.67E-18,3.69E-19,0.102596428,3.76E-20,3.60E-20,0,0.002193044,0,0.068786764,0.004808602
TCGA-59-2351,0.133877129,0,6.70E-20,0.051915576,0.057521253,0.050381702,0.016072308,0,0.024304792,9.13E-19,0,0.035538041,0.227358132,0.079718486,0.06058939,7.84E-19,0.014035703,0.268271155,0.056390574,0.046819732,0.253271895,0,0,0.073396751,0.040913023,2.83E-18,1.73E-19,0.052404555,0.010007106,0,0,0.161386011,0.010195575,0.047300142,0,2.36E-22,0,0.029316447,0.013068181
TCGA-59-2363,0.010442179,1.17E-20,0.000262212,0.010959845,0.014293386,5.32E-19,0.009112244,0,1.41E-19,3.75E-19,0,0.04988841,0.023184018,0.012860127,0.010479837,0,0.001700797,0.031239004,1.33E-19,0.007667547,0.049353343,0.002105377,0,0.013427408,0.008054987,7.00E-19,6.27E-18,1.69E-18,0,2.93E-18,0.009679952,0.048883839,4.63E-19,4.60E-19,0,2.61E-19,0,0.034931079,0
TCGA-59-A5PD,0.029754486,0,0,0.011742834,6.09E-18,0.036892172,0.019342144,0,0,0,0,0.016402308,0.050190189,0.028541402,0.021059904,0.002274813,0.006724561,0.050190189,0,0.010264834,0.11262326,0,5.92E-18,0.035289772,3.08E-18,1.12E-18,1.32E-20,0.014929961,0,3.13E-18,0,0.221256769,0,0,0,0.002989278,0,0.03094509,0
TCGA-5X-AA5U,0.031374501,0.000812442,0.003846172,0.016090283,0.015471819,5.61E-19,0.005309556,0.00066525,0.000852274,4.96E-19,1.95E-18,0.019192574,0.031369816,0.000360934,0.000258485,9.48E-21,0.010495193,0.040713494,2.11E-19,0.002713275,0.014580179,0,1.85E-18,0,0.009343677,6.16E-19,0.028253624,0,0,0,0.012059338,0.062190991,0.002110821,0,0,0.002823266,8.44E-18,0.045903187,0.000904206
TCGA-61-1743,0.047038155,0.003501084,2.28E-19,0.051058831,0.039578327,0.004964492,0.008125691,2.10E-18,0.013373362,0,0,0.035420694,0.045243251,0.010627212,0.014956803,0.000819135,0.007202234,0.071719096,0.000109045,0.002888231,0.080186848,0,5.44E-19,0.022526456,0.026475845,8.30E-20,0.004094955,0.015633789,0,0.000335691,0.003521739,0.073394874,8.10E-19,3.55E-19,0,0,0,0.10620131,0
TCGA-61-1910,0.023770123,1.95E-18,0,0.023220549,0.02861386,0.017447436,0.00844091,0,0.033780239,0,1.37E-18,0.042371447,0.06865198,0.032033422,0.027441586,0,0.019735231,0.100114315,0.018614999,0.008824195,0.10330061,0,0,0.032438838,0.031462335,0,0.035896384,0.005718055,0,3.54E-19,0.032549077,0.008218026,0,0,0,0.002112141,1.03E-18,0.059690225,0
TCGA-61-1911,0.151170679,1.01E-05,0,0.093391623,0,0.076494598,0.029342793,5.93E-19,0,6.55E-19,0,0.02556802,0.285154865,0.077205344,0.048616522,0.015465453,0.015985691,0.285154865,0.038923538,0.034637944,0.218596485,1.48E-19,0.055734097,0.116895657,0,0,1.71E-19,0.086086015,0.014378689,0,0.000600927,0.145116713,0.054075006,0.132098337,0.058710768,0.004998811,0.005852018,0.015443777,0.021488377
TCGA-61-1914,0.060488115,0.00524642,0,0.031860673,0.035297039,0.001030617,0.059596729,0,0.004724903,0,0.018519003,0.056306547,0.175267988,0.107901303,0.072352166,0.019712587,0.007904325,0.200799756,0.067762947,0.018839547,0.20876519,5.75E-06,9.12E-18,0.053167216,0.025531768,0,1.43E-17,0,0.010046369,3.58E-18,9.08E-18,0.189949874,0,0.017182728,9.47E-18,0.005435035,0,0.018151254,3.81E-18
TCGA-61-2008,0.05281175,7.10E-19,1.09E-19,0.023912416,0.090436546,0.049423341,0.006411573,0.002371013,0.008115058,0,1.02E-19,0.023465565,0.114519603,0.038090553,0.031311171,0,0.013183986,0.163795405,0.041875693,0.011029239,0.137100472,0,0,0.025198991,0.049275802,7.81E-20,0.017484325,0.025481272,4.32E-20,0,0.012155824,0.03006783,0.014788184,0.016985838,2.74E-21,0.005819831,0,0.041302463,0.014278375
TCGA-61-2009,0.029828402,0,5.94E-19,0.022397497,0.034808393,0.015841569,0.030994249,0,0.027420542,1.88E-18,0,0.00794198,0.180190599,0.076690078,0.044778695,0.025188376,0.003137706,0.216645231,0.061553365,0.068710818,0.159195922,3.28E-19,5.96E-18,0.106421664,0.036454632,0,1.30E-18,0.009140118,0.007682595,0,0,0.109877451,0.030365529,0.04597604,0.004848699,0.003688691,0,0.002558249,0.005207954
TCGA-61-2092,0.011107128,0,0,0.010079749,0,0.006136679,0.005460684,0,0.000425985,4.27E-18,1.17E-18,1.11E-19,0.016305758,0.004009408,0.004040691,0.008400562,0.009342101,0.016518751,2.51E-17,4.50E-20,0.006101957,7.71E-19,0,0,0.000212993,0,1.32E-18,0.007943101,3.16E-19,7.81E-18,0,0.142389921,6.33E-18,1.41E-17,3.07E-18,0,7.47E-18,0.005635609,7.87E-18
TCGA-61-2094,0.292821789,0.049725525,0.004873386,0.089498298,0.004579162,0.130892422,0.007291525,0,0.006411545,0.002250795,0,0.005215143,0.486282853,0.089840103,0.062172972,0,0.027631614,0.491778206,0.066009016,0.113882997,0.351569834,0,0.020026785,0.132916172,0.005495353,0.00226708,7.23E-18,0.118470373,0.036594261,0.0512632,0.024368471,0.165538853,0.114694098,0.165083549,0.104370932,5.79E-20,0.00387104,0.077300082,0.058415554
TCGA-61-2095,0.027610364,0,0,0,0.109827984,0.044933118,0,0.012207208,0.00288397,0,0,0.020304932,0.268728379,0.030057279,0.007729457,0,0.014849958,0.325084356,0.155895138,0.173393402,0.07097897,3.26E-20,0,0.102482404,0.056355977,2.03E-18,0.00926954,0.056024592,0,0.009096921,1.03E-18,0,0.001286428,0.004178905,4.99E-19,0,3.83E-20,0.138636567,0.006687424
TCGA-61-2097,0.027306993,0,0.000371101,0.005726775,0.11702205,0.003569703,0,0,0.019323553,1.91E-19,0,0.010911747,0.122619697,0.044800728,0.045450312,8.34E-19,0.009040179,0.190792498,0.083422022,0.013486056,0.138528264,0.005873567,1.00E-19,0.034715644,0.068172801,0,0,0.038461123,0,0,0,0.009197663,1.88E-18,0,7.20E-19,5.33E-19,0,0.015125971,0.002316562
TCGA-61-2098,0.03052396,1.57E-20,0.001257604,0.011044778,0.032527202,1.07E-18,1.02E-18,0,0.006531813,0,2.49E-17,0.028842993,0.023932877,1.66E-18,0,0,0.005010163,0.043462384,1.55E-18,0.000365192,5.56E-18,1.52E-20,0,0.001678339,0.019529507,0,0.030601063,2.93E-18,8.13E-19,0,0.002756844,0.037250738,0,5.00E-18,6.03E-18,2.54E-18,0,0.031542765,0
TCGA-OY-A56P,0.031266782,2.27E-18,8.48E-19,0.04043047,0.012179369,0.003401601,0.001375335,0,3.19E-19,0,0,0.012923685,0.026790379,0,4.49E-19,4.26E-19,0.008759045,0.032880064,1.06E-18,2.37E-19,2.29E-20,0,0,1.64E-20,0.006089685,5.52E-19,0.017184619,0,1.61E-19,4.21E-21,0.013970001,0.011757094,0.000159743,1.12E-19,5.07E-18,0,3.51E-18,0.095422265,0
TCGA-OY-A56Q,0.02521726,7.31E-18,2.05E-19,0.006229809,0,0.0265463,0.006744848,2.71E-19,0.013822003,0,0,0.100196422,0.051315784,7.88E-20,0,0.004118366,0.026179869,0.058226785,0,0,3.37E-19,0,5.10E-18,4.08E-19,0.006911002,0,0.036021775,0.010917927,0,0,0.01290667,0.036813793,0.025576547,0.000757976,2.00E-19,0.000134875,6.74E-18,0.028873521,0.012725456
